Date,Time (ET),Network,Post,"Upload these files, in this order"
2026-10-12,08:30,LinkedIn,LI · Company · Now at FLL,2026-10-12_LI.jpg
2026-10-12,11:30,Instagram,IG 01 · Carousel · Dark,2026-10-12_IG01_1.jpg | 2026-10-12_IG01_2.jpg | 2026-10-12_IG01_3.jpg | 2026-10-12_IG01_4.jpg
2026-10-13,11:30,Instagram,IG 02 · Carousel · Ivory,2026-10-13_IG02_1.jpg | 2026-10-13_IG02_2.jpg | 2026-10-13_IG02_3.jpg | 2026-10-13_IG02_4.jpg | 2026-10-13_IG02_5.jpg | 2026-10-13_IG02_6.jpg
2026-10-13,12:30,Facebook,FB · FLL now open album,2026-10-13_FB-album_1.jpg | 2026-10-13_FB-album_2.jpg | 2026-10-13_FB-album_3.jpg
2026-10-14,08:30,LinkedIn,LI · Owner personal · Cell number,(text only)
2026-10-14,11:30,Instagram,IG 03 · Reel · Dark,2026-10-14_IG03_reel.mp4
2026-10-14,12:30,Facebook,FB · The bloodline,2026-10-14_FB.jpg
2026-10-15,08:30,LinkedIn,LI · Company · How we quote (PDF),2026-10-15_LI-doc.pdf
2026-10-15,11:30,Instagram,IG 04 · Carousel · Ivory,2026-10-15_IG04_1.jpg | 2026-10-15_IG04_2.jpg | 2026-10-15_IG04_3.jpg | 2026-10-15_IG04_4.jpg | 2026-10-15_IG04_5.jpg | 2026-10-15_IG04_6.jpg
2026-10-16,11:30,Instagram,IG 05 · Single · Dark,2026-10-16_IG05.jpg
2026-10-16,12:30,Facebook,FB · Meet the crew,2026-10-16_IG05.jpg
2026-10-17,11:30,Instagram,IG 06 · Single · Ivory,2026-10-17_IG06.jpg
2026-10-19,08:30,LinkedIn,LI · Company · NBAA week,2026-10-19_LI.jpg
2026-10-20,11:30,Instagram,IG 07 · Reel · Dark,2026-10-20_IG07_reel.mp4
2026-10-20,12:30,Facebook,FB · AOG Reel,2026-10-20_IG07_reel.mp4
2026-10-21,08:30,LinkedIn,LI · Owner personal · No gatekeepers [CONFIRM line],(text only)
2026-10-21,11:30,Instagram,IG 08 · Carousel · Ivory,2026-10-21_IG08_1.jpg | 2026-10-21_IG08_2.jpg | 2026-10-21_IG08_3.jpg | 2026-10-21_IG08_4.jpg | 2026-10-21_IG08_5.jpg | 2026-10-21_IG08_6.jpg
2026-10-21,12:30,Facebook,FB · Owners on speed dial,2026-10-21_FB.jpg
2026-10-22,08:30,LinkedIn,LI · Company · AOG readiness (PDF),2026-10-22_LI-doc.pdf
2026-10-22,11:30,Instagram,IG 09 · Single · Dark,2026-10-22_IG09.jpg
2026-10-23,12:30,Facebook,FB · Techs on the wing,2026-10-23_FB.jpg
2026-10-24,11:30,Instagram,IG 10 · Carousel · Ivory,2026-10-24_IG10_1.jpg | 2026-10-24_IG10_2.jpg | 2026-10-24_IG10_3.jpg | 2026-10-24_IG10_4.jpg | 2026-10-24_IG10_5.jpg | 2026-10-24_IG10_6.jpg | 2026-10-24_IG10_7.jpg | 2026-10-24_IG10_8.jpg
2026-10-26,08:30,LinkedIn,LI · Company · Pre-buy (PDF),2026-10-26_LI-doc.pdf
2026-10-27,11:30,Instagram,IG 11 · Carousel · Dark,2026-10-27_IG11_1.jpg | 2026-10-27_IG11_2.jpg | 2026-10-27_IG11_3.jpg | 2026-10-27_IG11_4.jpg
2026-10-27,12:30,Facebook,FB · Buying an aircraft?,2026-10-27_IG11_1.jpg
2026-10-28,08:30,LinkedIn,LI · Owner personal · Pre-buy,(text only)
2026-10-28,11:30,Instagram,IG 12 · Carousel · Ivory,2026-10-28_IG12_1.jpg | 2026-10-28_IG12_2.jpg | 2026-10-28_IG12_3.jpg | 2026-10-28_IG12_4.jpg | 2026-10-28_IG12_5.jpg | 2026-10-28_IG12_6.jpg | 2026-10-28_IG12_7.jpg
2026-10-28,12:30,Facebook,FB · Cabin details album,2026-10-28_FB-album_1.jpg | 2026-10-28_FB-album_2.jpg | 2026-10-28_FB-album_3.jpg
2026-10-29,08:30,LinkedIn,LI · Company · Boat show welcome,2026-10-29_LI-FB-boatshow.jpg
2026-10-29,11:30,Instagram,IG 13 · Carousel · Dark,2026-10-29_IG13_1.jpg | 2026-10-29_IG13_2.jpg | 2026-10-29_IG13_3.jpg | 2026-10-29_IG13_4.jpg
2026-10-30,12:30,Facebook,FB · Boat show weekend,2026-10-29_LI-FB-boatshow.jpg
2026-10-31,11:30,Instagram,IG 14 · Single · Ivory,2026-10-31_IG14.jpg
2026-11-02,08:30,LinkedIn,LI · Company · Vero Beach,2026-11-02_LI.jpg
2026-11-03,11:30,Instagram,IG 15 · Carousel · Dark,2026-11-03_IG15_1.jpg | 2026-11-03_IG15_2.jpg | 2026-11-03_IG15_3.jpg
2026-11-03,12:30,Facebook,FB · Vero Beach album,2026-11-03_FB-album_1.jpg | 2026-11-03_FB-album_2.jpg
2026-11-04,08:30,LinkedIn,LI · Owner personal · Hiring,2026-10-14_FB.jpg
2026-11-04,11:30,Instagram,IG 16 · Single · Ivory,2026-11-04_IG16.jpg
2026-11-04,12:30,Facebook,FB · Garmin panel,2026-11-04_FB.jpg
2026-11-05,08:30,LinkedIn,LI · Company · Hiring A&P [CONFIRM email],2026-11-05_LI-hiring.jpg
2026-11-05,11:30,Instagram,IG 17 · Carousel · Dark,2026-11-05_IG17_1.jpg | 2026-11-05_IG17_2.jpg | 2026-11-05_IG17_3.jpg | 2026-11-05_IG17_4.jpg
2026-11-06,12:30,Facebook,FB · We're hiring,2026-11-06_FB-hiring.jpg
2026-11-07,11:30,Instagram,IG 18 · Single · Ivory,2026-11-07_IG18.jpg
