Action,URL,Title,Clicks (3 mo),Impressions (3 mo),Best position,Last updated,Redirect to,Why / what to do
1 Delete now,https://www.305sky.com/blog/fleet-maintenance-management-best-practices,Fleet Maintenance Management: Best Practices Guide,0,108,20.7,2026-07-31,,"About car and truck fleets, not aircraft."
1 Delete now,https://www.305sky.com/blog/south-florida-corporate-fleet-management-guide,South Florida Corporate Fleet Management: Complete 2026 Guide,0,35,20.8,2026-08-05,,"About car and truck fleets, not aircraft."
1 Delete now,https://www.305sky.com/blog/challenger-maintenance-near-me,Challenger Maintenance Near Me: Guide to Service,0,14,9.7,2026-08-16,,"About the Dodge Challenger car. Delete now; once /challenger-maintenance is live, redirect this URL there."
2 Keep: fix first,https://www.305sky.com/blog/jet-engine-repair-and-maintenance-guide,Jet Engine Repair and Maintenance: Complete MRO Guide,16,1313,11.6,2026-07-10,,Your #2 post by clicks. Fix A1 (false Part 145 claim).
2 Keep: fix first,https://www.305sky.com/blog/how-to-choose-private-aircraft-maintenance-provider,How to Choose a Private Aircraft Maintenance Provider,1,123,7.2,2026-07-22,,Fix A3 (false Part 145 claim).
2 Keep: fix first,https://www.305sky.com/blog/how-to-source-aog-parts-for-older-aircraft,How to Source AOG Parts for Older Aircraft,0,160,5.4,2026-08-20,,On-topic (parts for Learjet/Hawker/Beechjet). Check for invented claims.
3 Keep and improve,https://www.305sky.com/blog/aircraft-interior-design-and-upholstery-a-complete-guide,Aircraft Interior Design and Upholstery: A Complete Guide,7,673,9.5,2026-08-07,,"Gets clicks or impressions and fits your customers. Check facts and claims, add real photos/experience, add links to the new aircraft and location pages."
3 Keep and improve,https://www.305sky.com/blog/aircraft-maintenance-record-keeping-software-comparison,Aircraft Maintenance Record Keeping Software: 2026 Comparison,6,2572,6.9,2026-08-01,,"Gets clicks or impressions and fits your customers. Check facts and claims, add real photos/experience, add links to the new aircraft and location pages."
3 Keep and improve,https://www.305sky.com/blog/aircraft-test-flight-checklist-what-to-look-for,Aircraft Test Flight Checklist: What to Look For,5,109,8.5,2026-08-28,,"Gets clicks or impressions and fits your customers. Check facts and claims, add real photos/experience, add links to the new aircraft and location pages."
3 Keep and improve,https://www.305sky.com/blog/aircraft-c-check-heavy-maintenance-inspection,Aircraft C-Check: What Happens During Heavy Maintenance,4,706,9.3,2026-08-27,,"Gets clicks or impressions and fits your customers. Check facts and claims, add real photos/experience, add links to the new aircraft and location pages."
3 Keep and improve,https://www.305sky.com/blog/how-to-verify-aircraft-airworthiness-status,How to Verify Aircraft Airworthiness Status,4,281,8.9,2026-08-28,,"Gets clicks or impressions and fits your customers. Check facts and claims, add real photos/experience, add links to the new aircraft and location pages."
3 Keep and improve,https://www.305sky.com/blog/common-causes-jet-engine-performance-degradation,Common Causes of Jet Engine Performance Degradation,4,117,7.9,2026-08-21,,"Gets clicks or impressions and fits your customers. Check facts and claims, add real photos/experience, add links to the new aircraft and location pages."
3 Keep and improve,https://www.305sky.com/blog/how-to-minimize-aircraft-downtime,How to Minimize Aircraft Downtime: 7 Proven Strategies,4,99,22.7,2026-07-28,,"Gets clicks or impressions and fits your customers. Check facts and claims, add real photos/experience, add links to the new aircraft and location pages."
3 Keep and improve,https://www.305sky.com/blog/how-to-find-aircraft-mechanics,How to Find Aircraft Mechanics: A Step-by-Step Guide,3,361,8.3,2026-07-17,,"Gets clicks or impressions and fits your customers. Check facts and claims, add real photos/experience, add links to the new aircraft and location pages."
3 Keep and improve,https://www.305sky.com/blog/how-to-prepare-for-faa-conformity-inspection,How to Prepare for FAA Conformity Inspection,3,308,8.5,2026-08-25,,"Gets clicks or impressions and fits your customers. Check facts and claims, add real photos/experience, add links to the new aircraft and location pages."
3 Keep and improve,https://www.305sky.com/blog/private-jet-avionics-upgrade-cost-2026,Private Jet Avionics Upgrade Cost 2026,3,287,6.0,2026-08-12,,"Gets clicks or impressions and fits your customers. Check facts and claims, add real photos/experience, add links to the new aircraft and location pages."
3 Keep and improve,https://www.305sky.com/blog/best-private-jet-interior-materials-durability,5 Best Private Jet Interior Materials for Durability,3,223,8.4,2026-09-06,,"Gets clicks or impressions and fits your customers. Check facts and claims, add real photos/experience, add links to the new aircraft and location pages."
3 Keep and improve,https://www.305sky.com/blog/how-to-prepare-for-aircraft-pre-buy-inspection,How to Prepare for Aircraft Pre-Buy Inspection,3,153,14.0,2026-07-12,,"Gets clicks or impressions and fits your customers. Check facts and claims, add real photos/experience, add links to the new aircraft and location pages."
3 Keep and improve,https://www.305sky.com/blog/luxury-aircraft-cabin-design-trends-2026,7 Luxury Aircraft Cabin Design Trends for 2026,3,92,4.3,2026-09-07,,"Gets clicks or impressions and fits your customers. Check facts and claims, add real photos/experience, add links to the new aircraft and location pages."
3 Keep and improve,https://www.305sky.com/blog/private-jet-maintenance-cost-breakdown,Private Jet Maintenance Cost Breakdown: A 2026 Guide,2,891,13.0,2026-07-25,,"Gets clicks or impressions and fits your customers. Check facts and claims, add real photos/experience, add links to the new aircraft and location pages."
3 Keep and improve,https://www.305sky.com/blog/aircraft-maintenance-shop-vs-factory-service,Aircraft Maintenance Shop vs Factory Service: 2026 Guide,2,592,7.7,2026-07-18,,"Gets clicks or impressions and fits your customers. Check facts and claims, add real photos/experience, add links to the new aircraft and location pages."
3 Keep and improve,https://www.305sky.com/blog/avoiding-hidden-costs-in-aircraft-maintenance-a-practical-guide,Avoiding Hidden Costs in Aircraft Maintenance: A Practical Guide,2,458,6.7,2026-07-23,,"Gets clicks or impressions and fits your customers. Check facts and claims, add real photos/experience, add links to the new aircraft and location pages."
3 Keep and improve,https://www.305sky.com/blog/garmin-g1000-nxi-vs-aspen-efd1000-pro-comparison,Garmin G1000 NXi vs Aspen EFD1000 Pro: Full Comparison,2,356,6.6,2026-09-05,,"Gets clicks or impressions and fits your customers. Check facts and claims, add real photos/experience, add links to the new aircraft and location pages."
3 Keep and improve,https://www.305sky.com/blog/choosing-avionics-upgrade-provider,Choosing an Avionics Upgrade Provider: 7 Key Factors,2,290,12.6,2026-08-21,,"Gets clicks or impressions and fits your customers. Check facts and claims, add real photos/experience, add links to the new aircraft and location pages."
3 Keep and improve,https://www.305sky.com/blog/private-jet-maintenance-schedule-guide,Private Jet Maintenance Schedule Guide: A 2026 Roadmap,2,206,9.3,2026-07-24,,"Gets clicks or impressions and fits your customers. Check facts and claims, add real photos/experience, add links to the new aircraft and location pages."
3 Keep and improve,https://www.305sky.com/blog/private-jet-title-search-and-lien-check-guide,Private Jet Title Search and Lien Check Guide,2,169,10.3,2026-08-26,,"Gets clicks or impressions and fits your customers. Check facts and claims, add real photos/experience, add links to the new aircraft and location pages."
3 Keep and improve,https://www.305sky.com/blog/managing-routine-maintenance-intervals-for-turbine-engines,Managing Routine Maintenance Intervals for Turbine Engines,2,121,12.1,2026-08-24,,"Gets clicks or impressions and fits your customers. Check facts and claims, add real photos/experience, add links to the new aircraft and location pages."
3 Keep and improve,https://www.305sky.com/blog/private-aviation-maintenance-standards-2026,Private Aviation Maintenance Standards 2026: Essential Guide,1,496,8.0,2026-07-26,,"Gets clicks or impressions and fits your customers. Check facts and claims, add real photos/experience, add links to the new aircraft and location pages."
3 Keep and improve,https://www.305sky.com/blog/aircraft-maintenance-guide,Aircraft Maintenance: A Complete Guide to Safety &,1,333,1.0,2026-08-16,,"Gets clicks or impressions and fits your customers. Check facts and claims, add real photos/experience, add links to the new aircraft and location pages."
3 Keep and improve,https://www.305sky.com/blog/aircraft-engine-overhaul-worth-it,Is Aircraft Engine Overhaul Worth It? A Cost-Benefit Review,1,214,16.8,2026-08-16,,"Gets clicks or impressions and fits your customers. Check facts and claims, add real photos/experience, add links to the new aircraft and location pages."
3 Keep and improve,https://www.305sky.com/blog/aircraft-logbook-review,Aircraft Logbook Review: How To Perform One,1,213,10.1,2026-09-08,,"Gets clicks or impressions and fits your customers. Check facts and claims, add real photos/experience, add links to the new aircraft and location pages."
3 Keep and improve,https://www.305sky.com/blog/aircraft-maintenance-regulatory-compliance-checklist,Aircraft Maintenance Regulatory Compliance Checklist: 2026 Guide,1,166,10.2,2026-07-27,,"Gets clicks or impressions and fits your customers. Check facts and claims, add real photos/experience, add links to the new aircraft and location pages."
3 Keep and improve,https://www.305sky.com/blog/how-to-select-aircraft-maintenance,How to Select Aircraft Maintenance: 7 Critical Criteria,1,152,17.1,2026-07-20,,"Gets clicks or impressions and fits your customers. Check facts and claims, add real photos/experience, add links to the new aircraft and location pages."
3 Keep and improve,https://www.305sky.com/blog/reducing-engine-shop-visit-turnaround-time,Reducing Engine Shop Visit Turnaround Time,1,138,5.8,2026-08-23,,"Gets clicks or impressions and fits your customers. Check facts and claims, add real photos/experience, add links to the new aircraft and location pages."
3 Keep and improve,https://www.305sky.com/blog/jet-maintenance-for-charter-operators-7-essential-practices,Jet Maintenance for Charter Operators: 7 Essential Practices,1,137,10.6,2026-07-21,,"Gets clicks or impressions and fits your customers. Check facts and claims, add real photos/experience, add links to the new aircraft and location pages."
3 Keep and improve,https://www.305sky.com/blog/hiring-independent-aircraft-technical-consultant,Hiring an Independent Aircraft Technical Consultant,1,48,8.9,2026-08-27,,"Gets clicks or impressions and fits your customers. Check facts and claims, add real photos/experience, add links to the new aircraft and location pages."
3 Keep and improve,https://www.305sky.com/blog/is-professional-aircraft-corrosion-control-worth-the-cost,Is Professional Aircraft Corrosion Control Worth the Cost?,0,38,13.6,2026-09-04,,"Gets clicks or impressions and fits your customers. Check facts and claims, add real photos/experience, add links to the new aircraft and location pages."
4 Redirect (after new pages are live),https://www.305sky.com/blog/king-air-maintenance-guide,King Air Maintenance: A Complete Guide,17,580,7.6,2026-08-17,https://www.305sky.com/king-air-maintenance,"Your #1 post (17 clicks). Move its best paragraphs into the new King Air page, then redirect."
4 Redirect (after new pages are live),https://www.305sky.com/blog/aircraft-on-ground-near-me,Aircraft on Ground Near Me: What to Do,0,280,19.3,2026-08-18,https://www.305sky.com/aog-aircraft-on-ground,AOG/mobile topic; the new AOG page covers it.
4 Redirect (after new pages are live),https://www.305sky.com/blog/24-7-aircraft-management-services-benefits,24/7 Aircraft Management Services: Key Benefits,0,211,12.6,2026-08-14,https://www.305sky.com/aircraft-management,
4 Redirect (after new pages are live),https://www.305sky.com/blog/emergency-aog-aircraft-support-miami,Emergency AOG Aircraft Support Miami: 24/7 Response Guide,0,187,31.2,2026-08-03,https://www.305sky.com/aog-aircraft-on-ground,AOG/mobile topic; the new AOG page covers it.
4 Redirect (after new pages are live),https://www.305sky.com/blog/how-to-vet-aog-maintenance-providers,How to Vet AOG Maintenance Providers,0,80,9.8,2026-08-23,https://www.305sky.com/aog-aircraft-on-ground,AOG/mobile topic; the new AOG page covers it.
4 Redirect (after new pages are live),https://www.305sky.com/blog/aircraft-maintenance-vero-beach,Aircraft Maintenance: Expert Care & 24/7 AOG Support,0,58,19.0,2026-08-15,https://www.305sky.com/vero-beach-vrb-aircraft-maintenance,
4 Redirect (after new pages are live),https://www.305sky.com/blog/how-to-hire-mobile-aircraft-maintenance-team,How to Hire a Mobile Aircraft Maintenance Team: A 2026 Guide,0,56,5.8,2026-07-13,https://www.305sky.com/aog-aircraft-on-ground,AOG/mobile topic; the new AOG page covers it.
4 Redirect (after new pages are live),https://www.305sky.com/blog/why-choose-specialized-aog-support-business-jets,Why Choose Specialized AOG Support for Business Jets,0,50,10.7,2026-08-26,https://www.305sky.com/aog-aircraft-on-ground,AOG/mobile topic; the new AOG page covers it.
4 Redirect (after new pages are live),https://www.305sky.com/blog/jet-maintenance-near-me-fort-lauderdale,Jet Maintenance Near Me: Find Expert Service in Fort,0,35,4.5,2026-08-17,https://www.305sky.com/fort-lauderdale-fll-aircraft-maintenance,
4 Redirect (after new pages are live),https://www.305sky.com/blog/citation-maintenance-near-me,Citation Maintenance Near Me: Expert Care in South Florida,0,34,11.2,2026-08-19,https://www.305sky.com/citation-maintenance,
4 Redirect (after new pages are live),https://www.305sky.com/blog/private-jet-maintenance-miami-2026,Private Jet Maintenance Miami 2026: Complete Service Guide,0,34,7.4,2026-08-04,https://www.305sky.com/opa-locka-opf-aircraft-maintenance,Contains a Part 145 reference; redirect rather than fix.
4 Redirect (after new pages are live),https://www.305sky.com/blog/what-is-included-in-emergency-engine-repair,What&#039;s Included in Emergency Engine Repair,0,14,5.9,2026-08-24,https://www.305sky.com/aog-aircraft-on-ground,AOG/mobile topic; the new AOG page covers it.
4 Redirect (after new pages are live),https://www.305sky.com/blog/aircraft-maintenance-fort-lauderdale-best-aircraft-maintenance-company-fort-lauderdale,Best Aircraft Maintenance Company in Fort Lauderdale 2026,0,0,,2026-09-18,https://www.305sky.com/fort-lauderdale-fll-aircraft-maintenance,
4 Redirect (after new pages are live),https://www.305sky.com/blog/aircraft-maintenance-near-me-fort-lauderdale,Aircraft Maintenance Near Me: Fort Lauderdale Guide,0,0,,2026-08-19,https://www.305sky.com/fort-lauderdale-fll-aircraft-maintenance,
4 Redirect (after new pages are live),https://www.305sky.com/blog/aircraft-on-ground-recovery-process,Aircraft on Ground Recovery Process: Step-by-Step,0,0,,2026-08-29,https://www.305sky.com/aog-aircraft-on-ground,AOG/mobile topic; the new AOG page covers it.
4 Redirect (after new pages are live),https://www.305sky.com/blog/alternatives-to-traditional-aog-logistics,Alternatives to Traditional AOG Logistics,0,0,,2026-08-29,https://www.305sky.com/aog-aircraft-on-ground,AOG/mobile topic; the new AOG page covers it.
4 Redirect (after new pages are live),https://www.305sky.com/blog/aog-cost-per-hour-grounded-aircraft,AOG Cost Per Hour: What Grounded Aircraft Really Costs,0,0,,2026-09-09,https://www.305sky.com/aog-aircraft-on-ground,AOG/mobile topic; the new AOG page covers it.
4 Redirect (after new pages are live),https://www.305sky.com/blog/aog-services-near-me,AOG Services Near Me: 24/7 Emergency Aircraft Repair,0,0,,2026-08-18,https://www.305sky.com/aog-aircraft-on-ground,AOG/mobile topic; the new AOG page covers it.
4 Redirect (after new pages are live),https://www.305sky.com/blog/common-aog-maintenance-issues-repair-solutions,Common AOG Maintenance Issues and Repair Solutions,0,0,,2026-09-15,https://www.305sky.com/aog-aircraft-on-ground,AOG/mobile topic; the new AOG page covers it.
4 Redirect (after new pages are live),https://www.305sky.com/blog/comprehensive-aircraft-management-services-2026,Comprehensive Aircraft Management Services 2026 Guide,0,0,,2026-09-19,https://www.305sky.com/aircraft-management,
4 Redirect (after new pages are live),https://www.305sky.com/blog/emergency-aog-maintenance-response-time-expectations,Emergency AOG Maintenance Response Time Expectations,0,0,,2026-09-10,https://www.305sky.com/aog-aircraft-on-ground,AOG/mobile topic; the new AOG page covers it.
4 Redirect (after new pages are live),https://www.305sky.com/blog/how-to-prepare-aircraft-mobile-maintenance,How to Prepare Your Aircraft for Mobile Maintenance,0,0,,2026-09-14,https://www.305sky.com/aog-aircraft-on-ground,AOG/mobile topic; the new AOG page covers it.
4 Redirect (after new pages are live),https://www.305sky.com/blog/is-247-aircraft-maintenance-worth-the-investment,Is 24/7 Aircraft Maintenance Worth the Investment in 2026?,0,0,,2026-09-11,https://www.305sky.com/aog-aircraft-on-ground,AOG/mobile topic; the new AOG page covers it.
4 Redirect (after new pages are live),https://www.305sky.com/blog/is-aog-insurance-coverage-worth-it,Is AOG Insurance Coverage Worth It for Private Jets?,0,0,,2026-08-30,https://www.305sky.com/aog-aircraft-on-ground,AOG/mobile topic; the new AOG page covers it.
4 Redirect (after new pages are live),https://www.305sky.com/blog/mobile-aircraft-mechanic-vs-fbo-maintenance-quality,Mobile Aircraft Mechanic vs FBO Maintenance Quality,0,0,,2026-09-14,https://www.305sky.com/aog-aircraft-on-ground,AOG/mobile topic; the new AOG page covers it.
4 Redirect (after new pages are live),https://www.305sky.com/blog/mobile-aog-repair-services-worth-it,Are Mobile AOG Repair Services Worth It?,0,0,,2026-08-19,https://www.305sky.com/aog-aircraft-on-ground,AOG/mobile topic; the new AOG page covers it.
4 Redirect (after new pages are live),https://www.305sky.com/blog/mobile-maintenance-cost-benefit-private-jets,Mobile Maintenance Cost Benefit for Private Jets,0,0,,2026-09-11,https://www.305sky.com/aog-aircraft-on-ground,AOG/mobile topic; the new AOG page covers it.
4 Redirect (after new pages are live),https://www.305sky.com/blog/mobile-vs-hangar-maintenance-benefits-aircraft,Mobile vs Hangar Aircraft Maintenance: Benefits Compared,0,0,,2026-09-14,https://www.305sky.com/aog-aircraft-on-ground,AOG/mobile topic; the new AOG page covers it.
4 Redirect (after new pages are live),https://www.305sky.com/blog/private-jet-maintenance-vs-corporate-aircraft-management,Private Jet Maintenance vs Corporate Aircraft Management,0,0,,2026-09-13,https://www.305sky.com/aircraft-management,
4 Redirect (after new pages are live),https://www.305sky.com/blog/top-7-signs-you-need-emergency-aircraft-repair,Top 7 Signs You Need Emergency Aircraft Repair,0,0,,2026-09-11,https://www.305sky.com/aog-aircraft-on-ground,AOG/mobile topic; the new AOG page covers it.
4 Redirect (after new pages are live),https://www.305sky.com/blog/what-is-aog-maintenance-support-fort-lauderdale,What Is AOG Maintenance Support? Fort Lauderdale Guide,0,0,,2026-09-16,https://www.305sky.com/aog-aircraft-on-ground,AOG/mobile topic; the new AOG page covers it.
4 Redirect (after new pages are live),https://www.305sky.com/blog/what-to-include-in-a-mobile-aircraft-maintenance-contract,What to Include in a Mobile Aircraft Maintenance Contract,0,0,,2026-09-12,https://www.305sky.com/aog-aircraft-on-ground,AOG/mobile topic; the new AOG page covers it.
4 Redirect (after new pages are live),https://www.305sky.com/blog/why-aircraft-aog-emergency-response-critical-2026,Why Aircraft AOG Emergency Response Is Critical in 2026,0,0,,2026-09-13,https://www.305sky.com/aog-aircraft-on-ground,AOG/mobile topic; the new AOG page covers it.
5 Redirect to a stronger post (now),https://www.305sky.com/blog/private-jet-maintenance-providers-florida,Private Jet Maintenance Providers in Florida,2,614,14.5,2026-08-13,https://www.305sky.com/,Ranking list that names competitors and/or claims Part 145. Redirect to the home page.
5 Redirect to a stronger post (now),https://www.305sky.com/blog/aircraft-pre-buy-inspection-what-to-expect,Aircraft Pre-Buy Inspection: What to Expect,2,122,40.4,2026-08-11,https://www.305sky.com/blog/how-to-prepare-for-aircraft-pre-buy-inspection,"Duplicate pre-buy topic. Before redirecting, copy any genuinely useful section into the kept pre-buy post."
5 Redirect to a stronger post (now),https://www.305sky.com/blog/best-private-jet-cabin-interior-transformations,Best Private Jet Cabin Interior Transformations,1,120,23.5,2026-08-17,https://www.305sky.com/blog/aircraft-interior-design-and-upholstery-a-complete-guide,
5 Redirect to a stronger post (now),https://www.305sky.com/blog/private-jet-pre-buy-inspection-checklist,Private Jet Pre-Buy Inspection Checklist: Complete Guide,1,100,13.6,2026-07-11,https://www.305sky.com/blog/how-to-prepare-for-aircraft-pre-buy-inspection,"Duplicate pre-buy topic. Before redirecting, copy any genuinely useful section into the kept pre-buy post."
5 Redirect to a stronger post (now),https://www.305sky.com/blog/avoiding-hidden-aircraft-maintenance-fees,Avoiding Hidden Aircraft Maintenance Fees: 7 Steps,1,68,6.3,2026-07-19,https://www.305sky.com/blog/avoiding-hidden-costs-in-aircraft-maintenance-a-practical-guide,
5 Redirect to a stronger post (now),https://www.305sky.com/blog/south-florida-aircraft-maintenance-services-guide,South Florida Aircraft Maintenance Services: Complete 2026 Guide,0,365,8.5,2026-08-02,https://www.305sky.com/,Ranking list that names competitors and/or claims Part 145. Redirect to the home page.
5 Redirect to a stronger post (now),https://www.305sky.com/blog/aircraft-maintenance-management-best-practices,Aircraft Maintenance Management Best Practices: 2026 Guide,0,341,17.2,2026-07-30,https://www.305sky.com/blog/aircraft-maintenance-guide,
5 Redirect to a stronger post (now),https://www.305sky.com/blog/aircraft-maintenance-for-corporate-fleets-a-complete-guide,Aircraft Maintenance for Corporate Fleets: A Complete Guide,0,319,10.5,2026-07-29,https://www.305sky.com/blog/jet-maintenance-for-charter-operators-7-essential-practices,
5 Redirect to a stronger post (now),https://www.305sky.com/blog/south-florida-private-jet-maintenance-services,South Florida Private Jet Maintenance Services: Complete Guide,0,198,16.4,2026-08-06,https://www.305sky.com/,Ranking list that names competitors and/or claims Part 145. Redirect to the home page.
5 Redirect to a stronger post (now),https://www.305sky.com/blog/avionics-upgrade-benefits-jets-guide,Avionics Upgrade Benefits for Jets: A Complete Guide,0,194,13.0,2026-07-15,https://www.305sky.com/blog/private-jet-avionics-upgrade-cost-2026,
5 Redirect to a stronger post (now),https://www.305sky.com/blog/private-jet-avionics-upgrade-benefits-2026,Private Jet Avionics Upgrade Benefits 2026: ROI & Compliance Guide,0,178,7.7,2026-07-14,https://www.305sky.com/blog/private-jet-avionics-upgrade-cost-2026,
5 Redirect to a stronger post (now),https://www.305sky.com/blog/aircraft-maintenance-south-florida-guide,Aircraft Maintenance in South Florida: A Complete Guide,0,171,17.9,2026-08-15,https://www.305sky.com/,Ranking list that names competitors and/or claims Part 145. Redirect to the home page.
5 Redirect to a stronger post (now),https://www.305sky.com/blog/engine-overhaul-vs-repair-cost-benefit,Engine Overhaul vs. Repair: Cost-Benefit Analysis,0,124,9.8,2026-08-23,https://www.305sky.com/blog/aircraft-engine-overhaul-worth-it,
5 Redirect to a stronger post (now),https://www.305sky.com/blog/how-to-minimize-private-jet-downtime,How to Minimize Private Jet Downtime,0,118,17.9,2026-08-15,https://www.305sky.com/blog/how-to-minimize-aircraft-downtime,
5 Redirect to a stronger post (now),https://www.305sky.com/blog/managing-private-aircraft-regulatory-compliance,Managing Private Aircraft Regulatory Compliance: A 2026,0,95,9.4,2026-09-05,https://www.305sky.com/blog/aircraft-maintenance-regulatory-compliance-checklist,
5 Redirect to a stronger post (now),https://www.305sky.com/blog/routine-aircraft-inspections-importance,Routine Aircraft Inspections: Why They Matter Most,0,92,8.9,2026-07-16,https://www.305sky.com/blog/private-jet-maintenance-schedule-guide,
5 Redirect to a stronger post (now),https://www.305sky.com/blog/digital-logbook-compliance-worth-it,Is Digital Logbook Compliance Worth It? A 2026 Guide,0,90,9.4,2026-08-09,https://www.305sky.com/blog/aircraft-maintenance-record-keeping-software-comparison,
5 Redirect to a stronger post (now),https://www.305sky.com/blog/aircraft-maintenance-billing-transparency-guide,Aircraft Maintenance Billing Transparency Guide,0,72,9.0,2026-08-22,https://www.305sky.com/blog/avoiding-hidden-costs-in-aircraft-maintenance-a-practical-guide,
5 Redirect to a stronger post (now),https://www.305sky.com/blog/how-to-conduct-private-jet-test-flight,How to Conduct a Private Jet Test Flight,0,57,8.0,2026-08-27,https://www.305sky.com/blog/aircraft-test-flight-checklist-what-to-look-for,
5 Redirect to a stronger post (now),https://www.305sky.com/blog/aircraft-engine-records-pre-buy-evaluation,Aircraft Engine Records: Pre-Buy Evaluation Guide,0,44,12.4,2026-08-26,https://www.305sky.com/blog/how-to-prepare-for-aircraft-pre-buy-inspection,"Duplicate pre-buy topic. Before redirecting, copy any genuinely useful section into the kept pre-buy post."
5 Redirect to a stronger post (now),https://www.305sky.com/blog/proactive-aircraft-maintenance-prevents-emergency-repairs,Why Proactive Aircraft Maintenance Prevents Emergency,0,30,4.1,2026-09-07,https://www.305sky.com/blog/private-jet-maintenance-schedule-guide,
5 Redirect to a stronger post (now),https://www.305sky.com/blog/engine-health-monitoring-maintenance-costs,Engine Health Monitoring&#039;s Impact on Maintenance Costs,0,28,9.1,2026-08-22,https://www.305sky.com/blog/jet-engine-repair-and-maintenance-guide,
5 Redirect to a stronger post (now),https://www.305sky.com/blog/how-to-choose-private-jet-inspection-facility,How to Choose a Private Jet Inspection Facility,0,24,12.5,2026-08-28,https://www.305sky.com/blog/how-to-choose-private-aircraft-maintenance-provider,
5 Redirect to a stronger post (now),https://www.305sky.com/blog/what-to-do-if-pre-buy-inspection-fails,What to Do If Pre-Buy Inspection Fails,0,23,5.4,2026-08-25,https://www.305sky.com/blog/how-to-prepare-for-aircraft-pre-buy-inspection,"Duplicate pre-buy topic. Before redirecting, copy any genuinely useful section into the kept pre-buy post."
5 Redirect to a stronger post (now),https://www.305sky.com/blog/aircraft-maintenance-tips-new-jet-owners,Top 5 Aircraft Maintenance Tips for New Jet Owners,0,22,12.0,2026-08-10,https://www.305sky.com/blog/aircraft-maintenance-guide,
5 Redirect to a stronger post (now),https://www.305sky.com/blog/how-to-choose-a-private-jet-interior-designer,How to Choose a Private Jet Interior Designer in 2026,0,19,6.3,2026-09-08,https://www.305sky.com/blog/aircraft-interior-design-and-upholstery-a-complete-guide,
5 Redirect to a stronger post (now),https://www.305sky.com/blog/tips-for-buying-a-used-aircraft-remotely,Tips for Buying a Used Aircraft Remotely: A 2026 Guide,0,19,4.6,2026-09-04,https://www.305sky.com/blog/how-to-prepare-for-aircraft-pre-buy-inspection,"Duplicate pre-buy topic. Before redirecting, copy any genuinely useful section into the kept pre-buy post."
5 Redirect to a stronger post (now),https://www.305sky.com/blog/questions-to-ask-aircraft-seller-before-inspection,Questions to Ask Aircraft Seller Before Inspection,0,18,7.7,2026-09-07,https://www.305sky.com/blog/how-to-prepare-for-aircraft-pre-buy-inspection,"Duplicate pre-buy topic. Before redirecting, copy any genuinely useful section into the kept pre-buy post."
5 Redirect to a stronger post (now),https://www.305sky.com/blog/questions-to-ask-your-pre-buy-inspection-team,Questions to Ask Your Pre-Buy Inspection Team,0,10,25.2,2026-08-25,https://www.305sky.com/blog/how-to-prepare-for-aircraft-pre-buy-inspection,"Duplicate pre-buy topic. Before redirecting, copy any genuinely useful section into the kept pre-buy post."
5 Redirect to a stronger post (now),https://www.305sky.com/blog/benefits-bespoke-cabin-interior-transformations,Benefits of Bespoke Cabin Interior Transformations,0,8,4.4,2026-08-08,https://www.305sky.com/blog/aircraft-interior-design-and-upholstery-a-complete-guide,
5 Redirect to a stronger post (now),https://www.305sky.com/blog/7-best-practices-private-jet-interior-deep-cleaning,7 Best Practices for Private Jet Interior Deep Cleaning,0,0,,2026-09-10,https://www.305sky.com/blog/aircraft-interior-design-and-upholstery-a-complete-guide,
5 Redirect to a stronger post (now),https://www.305sky.com/blog/aircraft-age-maintenance-shop-selection,Aircraft Age and Maintenance Shop Selection in 2026,0,0,,2026-10-01,https://www.305sky.com/blog/how-to-choose-private-aircraft-maintenance-provider,
5 Redirect to a stronger post (now),https://www.305sky.com/blog/aircraft-avionics-upgrades-south-florida,Aircraft Avionics Upgrades in South Florida: 2026 Guide,0,0,,2026-09-16,https://www.305sky.com/blog/private-jet-avionics-upgrade-cost-2026,
5 Redirect to a stronger post (now),https://www.305sky.com/blog/aircraft-cabin-interior-transformation-services,Aircraft Cabin Interior Transformation Services: 2026 Guide,0,0,,2026-09-17,https://www.305sky.com/blog/aircraft-interior-design-and-upholstery-a-complete-guide,
5 Redirect to a stronger post (now),https://www.305sky.com/blog/aircraft-maintenance-vs-repair-services,Aircraft Maintenance vs Repair Services: What to Know,0,0,,2026-09-13,https://www.305sky.com/blog/how-to-choose-private-aircraft-maintenance-provider,
5 Redirect to a stronger post (now),https://www.305sky.com/blog/aircraft-specialist-jet-center-guide,Aircraft Specialist Jet Center: What to Expect,0,0,,2026-09-01,https://www.305sky.com/blog/how-to-choose-private-aircraft-maintenance-provider,
5 Redirect to a stronger post (now),https://www.305sky.com/blog/airworthiness-directive-compliance-timeline-explained,Airworthiness Directive Compliance Timeline Explained,0,0,,2026-08-30,https://www.305sky.com/blog/aircraft-maintenance-regulatory-compliance-checklist,
5 Redirect to a stronger post (now),https://www.305sky.com/blog/alternatives-to-expensive-aircraft-engine-overhauls,Alternatives to Expensive Aircraft Engine Overhauls in 2026,0,0,,2026-09-12,https://www.305sky.com/blog/aircraft-engine-overhaul-worth-it,
5 Redirect to a stronger post (now),https://www.305sky.com/blog/alternatives-to-manufacturer-aircraft-maintenance-programs,Alternatives to Manufacturer Aircraft Maintenance Programs,0,0,,2026-09-15,https://www.305sky.com/blog/aircraft-maintenance-shop-vs-factory-service,
5 Redirect to a stronger post (now),https://www.305sky.com/blog/avionics-upgrade-impact-aircraft-resale-value,Avionics Upgrade Impact on Aircraft Resale Value,0,0,,2026-09-16,https://www.305sky.com/blog/private-jet-avionics-upgrade-cost-2026,
5 Redirect to a stronger post (now),https://www.305sky.com/blog/avionics-upgrades-charter-aircraft-guide,Avionics Upgrades for Charter Aircraft: A 2026 Guide,0,0,,2026-10-10,https://www.305sky.com/blog/private-jet-avionics-upgrade-cost-2026,
5 Redirect to a stronger post (now),https://www.305sky.com/blog/benefits-of-independent-aircraft-maintenance-for-older-aircraft,Independent Aircraft Maintenance for Older Aircraft,0,0,,2026-10-02,https://www.305sky.com/blog/aircraft-maintenance-shop-vs-factory-service,
5 Redirect to a stronger post (now),https://www.305sky.com/blog/bespoke-avionics-upgrades-benefits,Bespoke Avionics Upgrades: Benefits for Private Jet Owners,0,0,,2026-09-03,https://www.305sky.com/blog/private-jet-avionics-upgrade-cost-2026,
5 Redirect to a stronger post (now),https://www.305sky.com/blog/best-avionics-systems-for-corporate-jets,Best Avionics Systems for Corporate Jets,0,0,,2026-09-19,https://www.305sky.com/blog/private-jet-avionics-upgrade-cost-2026,
5 Redirect to a stronger post (now),https://www.305sky.com/blog/best-glass-cockpit-upgrades-business-aircraft,Best Glass Cockpit Upgrades for Business Aircraft in 2026,0,0,,2026-09-21,https://www.305sky.com/blog/private-jet-avionics-upgrade-cost-2026,
5 Redirect to a stronger post (now),https://www.305sky.com/blog/best-south-florida-aircraft-mechanics,Best South Florida Aircraft Mechanics: 5 Top Shops,0,0,,2026-09-18,https://www.305sky.com/,Ranking list that names competitors and/or claims Part 145. Redirect to the home page.
5 Redirect to a stronger post (now),https://www.305sky.com/blog/calculate-roi-aircraft-upgrades-calculate-roi-business-aircraft-upgrades,Calculate ROI for Business Aircraft Upgrades,0,0,,2026-09-19,https://www.305sky.com/blog/private-jet-avionics-upgrade-cost-2026,
5 Redirect to a stronger post (now),https://www.305sky.com/blog/charter-jet-pre-purchase-inspection-checklist,Charter Jet Pre-Purchase Inspection Checklist (2026 Guide),0,0,,2026-10-08,https://www.305sky.com/blog/how-to-prepare-for-aircraft-pre-buy-inspection,"Duplicate pre-buy topic. Before redirecting, copy any genuinely useful section into the kept pre-buy post."
5 Redirect to a stronger post (now),https://www.305sky.com/blog/choosing-professional-aircraft-maintenance-shop,Choosing a Professional Aircraft Maintenance Shop,0,0,,2026-08-18,https://www.305sky.com/blog/how-to-choose-private-aircraft-maintenance-provider,
5 Redirect to a stronger post (now),https://www.305sky.com/blog/cost-aircraft-pre-purchase-inspection,Cost of Aircraft Pre-Purchase Inspection,0,0,,2026-09-29,https://www.305sky.com/blog/how-to-prepare-for-aircraft-pre-buy-inspection,"Duplicate pre-buy topic. Before redirecting, copy any genuinely useful section into the kept pre-buy post."
5 Redirect to a stronger post (now),https://www.305sky.com/blog/faa-avionics-compliance-2026-requirements,FAA Avionics Compliance 2026: What You Must Know,0,0,,2026-09-21,https://www.305sky.com/blog/private-jet-avionics-upgrade-cost-2026,
5 Redirect to a stronger post (now),https://www.305sky.com/blog/faa-logbook-entry-requirements-explained,FAA Logbook Entry Requirements Explained,0,0,,2026-08-31,https://www.305sky.com/blog/aircraft-logbook-review,
5 Redirect to a stronger post (now),https://www.305sky.com/blog/how-to-audit-aircraft-maintenance-providers,How to Audit Aircraft Maintenance Providers: 2026 Guide,0,0,,2026-10-06,https://www.305sky.com/blog/how-to-choose-private-aircraft-maintenance-provider,
5 Redirect to a stronger post (now),https://www.305sky.com/blog/how-to-choose-aircraft-escrow-service,How to Choose an Aircraft Escrow Service,0,0,,2026-09-03,https://www.305sky.com/blog/private-jet-title-search-and-lien-check-guide,
5 Redirect to a stronger post (now),https://www.305sky.com/blog/how-to-choose-avionics-for-private-jets,How to Choose Avionics for Private Jets: 2026 Guide,0,0,,2026-09-23,https://www.305sky.com/blog/private-jet-avionics-upgrade-cost-2026,
5 Redirect to a stronger post (now),https://www.305sky.com/blog/how-to-choose-private-jet-avionics-installers,How to Choose Private Jet Avionics Installers in 2026,0,0,,2026-09-16,https://www.305sky.com/blog/choosing-avionics-upgrade-provider,
5 Redirect to a stronger post (now),https://www.305sky.com/blog/how-to-maintain-private-jet-upholstery-fabrics,How to Maintain Private Jet Upholstery Fabrics,0,0,,2026-09-10,https://www.305sky.com/blog/aircraft-interior-design-and-upholstery-a-complete-guide,
5 Redirect to a stronger post (now),https://www.305sky.com/blog/how-to-manage-aircraft-maintenance-records-small-fleets,How to Manage Aircraft Maintenance Records for Small Fleets,0,0,,2026-08-29,https://www.305sky.com/blog/aircraft-maintenance-record-keeping-software-comparison,
5 Redirect to a stronger post (now),https://www.305sky.com/blog/how-to-prepare-your-aircraft-for-annual-inspection,How to Prepare Your Aircraft for Annual Inspection,0,0,,2026-09-12,https://www.305sky.com/blog/private-jet-maintenance-schedule-guide,
5 Redirect to a stronger post (now),https://www.305sky.com/blog/how-to-track-aircraft-engine-time,How to Track Aircraft Engine Time: A Step-by-Step Guide,0,0,,2026-08-31,https://www.305sky.com/blog/managing-routine-maintenance-intervals-for-turbine-engines,
5 Redirect to a stronger post (now),https://www.305sky.com/blog/how-to-verify-aircraft-title-and-lien-status,How to Verify Aircraft Title and Lien Status,0,0,,2026-09-02,https://www.305sky.com/blog/private-jet-title-search-and-lien-check-guide,
5 Redirect to a stronger post (now),https://www.305sky.com/blog/independent-vs-oem-aircraft-maintenance-contracts,Independent vs OEM Aircraft Maintenance Contracts: 2026,0,0,,2026-09-30,https://www.305sky.com/blog/aircraft-maintenance-shop-vs-factory-service,
5 Redirect to a stronger post (now),https://www.305sky.com/blog/long-term-aircraft-maintenance-budgeting-tips,Long-Term Aircraft Maintenance Budgeting Tips,0,0,,2026-10-04,https://www.305sky.com/blog/private-jet-maintenance-cost-breakdown,
5 Redirect to a stronger post (now),https://www.305sky.com/blog/managing-spare-parts-inventory-for-jet-operators,Managing Spare Parts Inventory for Jet Operators,0,0,,2026-10-10,https://www.305sky.com/blog/jet-maintenance-for-charter-operators-7-essential-practices,
5 Redirect to a stronger post (now),https://www.305sky.com/blog/negotiate-aircraft-price-after-inspection,Negotiate Aircraft Price After Inspection,0,0,,2026-09-02,https://www.305sky.com/blog/how-to-prepare-for-aircraft-pre-buy-inspection,"Duplicate pre-buy topic. Before redirecting, copy any genuinely useful section into the kept pre-buy post."
5 Redirect to a stronger post (now),https://www.305sky.com/blog/private-jet-cockpit-modernization-financing-guide,Private Jet Cockpit Modernization Financing: 2026 Guide,0,0,,2026-09-18,https://www.305sky.com/blog/private-jet-avionics-upgrade-cost-2026,
5 Redirect to a stronger post (now),https://www.305sky.com/blog/quiet-luxury-aircraft-interior-design,Quiet Luxury in Aircraft Interior Design,0,0,,2026-09-02,https://www.305sky.com/blog/aircraft-interior-design-and-upholstery-a-complete-guide,
5 Redirect to a stronger post (now),https://www.305sky.com/blog/satellite-connectivity-private-jets-guide,Satellite Connectivity in Private Jets: 2026 Guide,0,0,,2026-09-22,https://www.305sky.com/blog/private-jet-avionics-upgrade-cost-2026,
5 Redirect to a stronger post (now),https://www.305sky.com/blog/step-by-step-guide-avionics-upgrades,Step by Step Guide to Avionics Upgrades for Your Jet,0,0,,2026-09-15,https://www.305sky.com/blog/private-jet-avionics-upgrade-cost-2026,
5 Redirect to a stronger post (now),https://www.305sky.com/blog/understanding-aircraft-maintenance-regulations-faa,Understanding Aircraft Maintenance Regulations: FAA Guide,0,0,,2026-10-06,https://www.305sky.com/blog/aircraft-maintenance-regulatory-compliance-checklist,
5 Redirect to a stronger post (now),https://www.305sky.com/blog/verify-aircraft-mechanic-insurance-credentials,How to Verify Aircraft Mechanic Insurance Credentials,0,0,,2026-09-09,https://www.305sky.com/blog/how-to-choose-private-aircraft-maintenance-provider,
5 Redirect to a stronger post (now),https://www.305sky.com/blog/what-happens-if-you-miss-an-ad-aircraft,What Happens If You Miss an AD: Aircraft Compliance Guide,0,0,,2026-08-30,https://www.305sky.com/blog/aircraft-maintenance-regulatory-compliance-checklist,
5 Redirect to a stronger post (now),https://www.305sky.com/blog/why-aircraft-maintenance-schedule-needs-frequent-updates,Why Aircraft Maintenance Schedules Need Frequent Updates,0,0,,2026-08-31,https://www.305sky.com/blog/private-jet-maintenance-schedule-guide,
6 Delete,https://www.305sky.com/blog/predictive-maintenance-commercial-aircraft-benefits,Predictive Maintenance for Commercial Aircraft: Benefits,1,90,14.7,2026-08-20,,Generic technology filler.
6 Delete,https://www.305sky.com/blog/avionics-upgrade-cost-single-engine-piston-aircraft,Avionics Upgrade Cost for Single Engine Piston Aircraft,1,45,7.7,2026-09-08,,"Small piston aircraft / student-pilot topic, not your customers."
6 Delete,https://www.305sky.com/blog/seal-aviation-alternative-for-jet-owners,Seal Aviation Alternative: 5 Options for Jet Owners,1,23,6.0,2026-09-06,,Named after a competitor.
6 Delete,https://www.305sky.com/blog/aircraft-engine-component-refurbishment-best-practices,Aircraft Engine Component Refurbishment: Best Practices,0,166,18.5,2026-08-21,,"Generic, not seen by Google or off-topic; nothing to keep."
6 Delete,https://www.305sky.com/blog/ads-b-compliance-private-planes,ADS-B Compliance for Private Planes: What Owners Must Know,0,155,8.2,2026-09-06,,ADS-B mandate deadline was 2020; outdated topic.
6 Delete,https://www.305sky.com/blog/how-to-choose-faa-part-145-repair-station,How to Choose an FAA Part 145 Repair Station,0,141,18.1,2026-08-20,,Tells readers to choose a Part 145 shop (A2).
6 Delete,https://www.305sky.com/blog/navigating-airworthiness-certification-for-jet-engines,Navigating Airworthiness Certification for Jet Engines,0,106,9.4,2026-08-22,,"Generic, not seen by Google or off-topic; nothing to keep."
6 Delete,https://www.305sky.com/blog/essential-tools-for-jet-engine-disassembly-and-inspection,Essential Tools for Jet Engine Disassembly and Inspection,0,55,11.8,2026-08-24,,"Generic, not seen by Google or off-topic; nothing to keep."
6 Delete,https://www.305sky.com/blog/ads-b-installation-timeline,ADS-B Installation Timeline: What Happens Step by Step,0,0,,2026-09-09,,ADS-B mandate deadline was 2020; outdated topic.
6 Delete,https://www.305sky.com/blog/aircraft-inspection-checklist-pre-flight-2026-pilot-guide,Aircraft Inspection Checklist Pre-Flight: 2026 Pilot Guide,0,0,,2026-09-26,,"Small piston aircraft / student-pilot topic, not your customers."
6 Delete,https://www.305sky.com/blog/aircraft-lease-maintenance-legal-guide,Aircraft Lease Maintenance: Legal Aspects & Obligations,0,0,,2026-10-10,,"Generic, not seen by Google or off-topic; nothing to keep."
6 Delete,https://www.305sky.com/blog/aircraft-maintenance-insurance-requirements-explained,Aircraft Maintenance Insurance Requirements Explained,0,0,,2026-10-06,,"Generic, not seen by Google or off-topic; nothing to keep."
6 Delete,https://www.305sky.com/blog/aircraft-maintenance-liability-insurance-guide,Aircraft Maintenance Liability and Insurance Guide,0,0,,2026-09-19,,"Generic, not seen by Google or off-topic; nothing to keep."
6 Delete,https://www.305sky.com/blog/aircraft-maintenance-technician-training-programs,Aircraft Maintenance Technician Training Programs: 2026,0,0,,2026-09-25,,"Written for job seekers, not customers."
6 Delete,https://www.305sky.com/blog/aircraft-mechanic-salary-expectations-2026,Aircraft Mechanic Salary Expectations 2026,0,0,,2026-09-28,,"Written for job seekers, not customers."
6 Delete,https://www.305sky.com/blog/aircraft-warranty-limitations-guide,Aircraft Warranty Limitations: What Owners Must Know,0,0,,2026-10-03,,"Generic, not seen by Google or off-topic; nothing to keep."
6 Delete,https://www.305sky.com/blog/banyan-alternative-aircraft-maintenance-305-sky,Banyan Alternative for Aircraft Maintenance: 305 Sky,0,0,,2026-09-05,,Named after a competitor.
6 Delete,https://www.305sky.com/blog/banyan-aviation-maintenance-alternatives,Banyan Aviation Maintenance Alternatives: 2026 Guide,0,0,,2026-09-16,,Named after a competitor.
6 Delete,https://www.305sky.com/blog/benefits-of-predictive-maintenance-for-charter-jets,Benefits of Predictive Maintenance for Charter Jets,0,0,,2026-10-08,,Generic technology filler.
6 Delete,https://www.305sky.com/blog/benefits-predictive-maintenance-aviation,Benefits of Predictive Maintenance in Aviation,0,0,,2026-09-24,,Generic technology filler.
6 Delete,https://www.305sky.com/blog/best-avionics-upgrades-for-cessna-172,Best Avionics Upgrades for Cessna 172,0,0,,2026-09-01,,"Small piston aircraft / student-pilot topic, not your customers."
6 Delete,https://www.305sky.com/blog/can-you-perform-preventive-maintenance-on-your-own-aircraft,Can You Perform Preventive Maintenance on Your Own Aircraft?,0,0,,2026-09-01,,"Small piston aircraft / student-pilot topic, not your customers."
6 Delete,https://www.305sky.com/blog/financing-options-for-jet-maintenance-programs,Financing Options for Jet Maintenance Programs,0,0,,2026-10-08,,"Generic, not seen by Google or off-topic; nothing to keep."
6 Delete,https://www.305sky.com/blog/future-digital-aircraft-maintenance-solutions,Future of Digital Aircraft Maintenance Solutions,0,0,,2026-10-08,,Generic technology filler.
6 Delete,https://www.305sky.com/blog/how-to-become-faa-certified-aircraft-mechanic,How to Become an FAA Certified Aircraft Mechanic,0,0,,2026-09-30,,"Written for job seekers, not customers."
6 Delete,https://www.305sky.com/blog/how-weather-impacts-jet-maintenance-schedules,How Weather Impacts Jet Maintenance Schedules,0,0,,2026-10-08,,"Generic, not seen by Google or off-topic; nothing to keep."
6 Delete,https://www.305sky.com/blog/negotiating-aircraft-parts-pricing-strategies,Negotiating Aircraft Parts Pricing: 2026 Guide,0,0,,2026-10-06,,"Generic, not seen by Google or off-topic; nothing to keep."
6 Delete,https://www.305sky.com/blog/protecting-private-aircraft-from-cyber-threats,Protecting Private Aircraft From Cyber Threats,0,0,,2026-09-18,,"Generic, not seen by Google or off-topic; nothing to keep."
6 Delete,https://www.305sky.com/blog/reliable-jet-maintenance-providers-guide,Reliable Jet Maintenance: What to Know Before Choosing a,0,0,,2026-09-03,,Named after a competitor.
6 Delete,https://www.305sky.com/blog/safety-culture-in-private-jet-maintenance,Safety Culture in Private Jet Maintenance,0,0,,2026-10-09,,"Generic, not seen by Google or off-topic; nothing to keep."
6 Delete,https://www.305sky.com/blog/seal-aviation-vs-competitors-fort-lauderdale-mro-guide,Seal Aviation vs Competitors: Fort Lauderdale MRO Guide,0,0,,2026-09-16,,Named after a competitor.
6 Delete,https://www.305sky.com/blog/verify-aviation-maintenance-certifications,How to Verify Aviation Maintenance Certifications in 2026,0,0,,2026-09-04,,"Generic, not seen by Google or off-topic; nothing to keep."
