employee,location,2026-10-02,2026-10-03,2026-10-04,2026-10-05,2026-10-06,2026-10-07,2026-10-08,report_worked
Christopher Perez,,7.2,,,,8.0,7.9,11.3,34.4
Eduardo Gutierrez,,8.0,,,7.9,8.3,9.0,8.3,41.5
Enriquillo Munoz,,6.8,,,8.4,8.2,7.4,9.0,39.8
Johnley Theagene,AWAY,7.6,,,,7.8,8.2,11.2,34.8
Johnley Theagene,FLL,,,,8.6,,,,8.6
Marcelo Rodrigues,,8.1,,,9.5,8.3,10.1,9.7,45.7
Marco Paz,,8.0,4.2,,9.1,8.1,6.7,0.5,36.6
Mateo Moreno,,7.7,,,,7.8,7.9,,23.4
Nestor Marrero,,8.0,3.8,,8.1,8.4,7.9,7.9,44.1
Robert Gil,,8.2,7.6,,7.9,4.7,8.2,7.8,44.4
Rodrigo Cunha,,8.3,7.6,,8.1,8.4,8.1,9.9,50.4
Ryan Willis,,9.2,,,10.0,8.8,9.1,9.3,46.4
